<BackupInst xmlns="http://www.microsoft.com/GroupPolicy/GPOOperations/Manifest"><GPOGuid><![CDATA[{FAC16F45-90E2-4AC0-BE6C-2A1CD9F4D679}]]></GPOGuid><GPODomain><![CDATA[braingears.com]]></GPODomain><GPODomainGuid><![CDATA[{2f97a00e-6bdc-4105-ad53-dad551def70f}]]></GPODomainGuid><GPODomainController><![CDATA[Crankshaft.braingears.com]]></GPODomainController><BackupTime><![CDATA[2020-02-11T14:25:49]]></BackupTime><ID><![CDATA[{418AB5AD-364B-4BC1-8058-BC2697890A5C}]]></ID><Comment><![CDATA[]]></Comment><GPODisplayName><![CDATA[CW Automate Agent Deployment]]></GPODisplayName></BackupInst>
