<?xml version="1.0" encoding="utf-8"?><!-- Copyright (c) Microsoft Corporation.  All rights reserved. --><GroupPolicyBackupScheme bkp:version="2.0" bkp:type="GroupPolicyBackupTemplate" xmlns:bkp="http://www.microsoft.com/GroupPolicy/GPOOperations" xmlns="http://www.microsoft.com/GroupPolicy/GPOOperations">
    <GroupPolicyObject><SecurityGroups><Group bkp:Source="FromDACL"><Sid><![CDATA[S-1-5-21-858339726-3929647201-2546849067-512]]></Sid><SamAccountName><![CDATA[Domain Admins]]></SamAccountName><Type><![CDATA[GlobalGroup]]></Type><NetBIOSDomainName><![CDATA[CODE9]]></NetBIOSDomainName><DnsDomainName><![CDATA[Code9.local]]></DnsDomainName><UPN><![CDATA[Domain Admins@Code9.local]]></UPN></Group><Group bkp:Source="FromDACL"><Sid><![CDATA[S-1-5-21-858339726-3929647201-2546849067-519]]></Sid><SamAccountName><![CDATA[Enterprise Admins]]></SamAccountName><Type><![CDATA[UniversalGroup]]></Type><NetBIOSDomainName><![CDATA[CODE9]]></NetBIOSDomainName><DnsDomainName><![CDATA[Code9.local]]></DnsDomainName><UPN><![CDATA[Enterprise Admins@Code9.local]]></UPN></Group></SecurityGroups><FilePaths/><GroupPolicyCoreSettings><ID><![CDATA[{D5BCA27D-674B-4335-A979-DCB691C21143}]]></ID><Domain><![CDATA[Code9.local]]></Domain><SecurityDescriptor>01 00 04 9c 00 00 00 00 00 00 00 00 00 00 00 00 14 00 00 00 04 00 ec 00 08 00 00 00 05 02 28 00 00 01 00 00 01 00 00 00 8f fd ac ed b3 ff d1 11 b4 1d 00 a0 c9 68 f9 39 01 01 00 00 00 00 00 05 0b 00 00 00 00 00 24 00 ff 00 0f 00 01 05 00 00 00 00 00 05 15 00 00 00 8e 39 29 33 61 a8 39 ea 2b d5 cd 97 00 02 00 00 00 02 24 00 ff 00 0f 00 01 05 00 00 00 00 00 05 15 00 00 00 8e 39 29 33 61 a8 39 ea 2b d5 cd 97 00 02 00 00 00 02 24 00 ff 00 0f 00 01 05 00 00 00 00 00 05 15 00 00 00 8e 39 29 33 61 a8 39 ea 2b d5 cd 97 07 02 00 00 00 02 14 00 94 00 02 00 01 01 00 00 00 00 00 05 09 00 00 00 00 02 14 00 94 00 02 00 01 01 00 00 00 00 00 05 0b 00 00 00 00 02 14 00 ff 00 0f 00 01 01 00 00 00 00 00 05 12 00 00 00 00 0a 14 00 ff 00 0f 00 01 01 00 00 00 00 00 03 00 00 00 00</SecurityDescriptor><DisplayName><![CDATA[Date Format]]></DisplayName><Options><![CDATA[0]]></Options><UserVersionNumber><![CDATA[262148]]></UserVersionNumber><MachineVersionNumber><![CDATA[0]]></MachineVersionNumber><MachineExtensionGuids/><UserExtensionGuids><![CDATA[[{00000000-0000-0000-0000-000000000000}{B9CCA4DE-E2B9-4CBD-BF7D-11B6EBFBDDF7}][{E5094040-C46C-4115-B030-04FB2E545B00}{B9CCA4DE-E2B9-4CBD-BF7D-11B6EBFBDDF7}]]]></UserExtensionGuids><WMIFilter/></GroupPolicyCoreSettings> 
        <GroupPolicyExtension bkp:ID="{35378EAC-683F-11D2-A89A-00C04FBBCFA2}" bkp:DescName="Registry">
            
            
            <FSObjectFile bkp:Path="%GPO_FSPATH%\Adm\*.*" bkp:SourceExpandedPath="\\SBS2011.Code9.local\sysvol\Code9.local\Policies\{D5BCA27D-674B-4335-A979-DCB691C21143}\Adm\*.*"/>
        </GroupPolicyExtension>
        
        
        
        
        
        
        
        
    <GroupPolicyExtension bkp:ID="{F15C46CD-82A0-4C2D-A210-5D0D3182A418}" bkp:DescName="Unknown Extension"><FSObjectDir bkp:Path="%GPO_FSPATH%\Group Policy" bkp:SourceExpandedPath="\\SBS2011.Code9.local\sysvol\Code9.local\Policies\{D5BCA27D-674B-4335-A979-DCB691C21143}\Group Policy" bkp:Location="DomainSysvol\GPO\Group Policy"/><FSObjectFile bkp:Path="%GPO_FSPATH%\Group Policy\GPE.INI" bkp:SourceExpandedPath="\\SBS2011.Code9.local\sysvol\Code9.local\Policies\{D5BCA27D-674B-4335-A979-DCB691C21143}\Group Policy\GPE.INI" bkp:Location="DomainSysvol\GPO\Group Policy\GPE.INI"/><FSObjectDir bkp:Path="%GPO_MACH_FSPATH%\Scripts" bkp:SourceExpandedPath="\\SBS2011.Code9.local\sysvol\Code9.local\Policies\{D5BCA27D-674B-4335-A979-DCB691C21143}\Machine\Scripts" bkp:Location="DomainSysvol\GPO\Machine\Scripts"/><FSObjectDir bkp:Path="%GPO_MACH_FSPATH%\Scripts\Shutdown" bkp:SourceExpandedPath="\\SBS2011.Code9.local\sysvol\Code9.local\Policies\{D5BCA27D-674B-4335-A979-DCB691C21143}\Machine\Scripts\Shutdown" bkp:Location="DomainSysvol\GPO\Machine\Scripts\Shutdown"/><FSObjectDir bkp:Path="%GPO_MACH_FSPATH%\Scripts\Startup" bkp:SourceExpandedPath="\\SBS2011.Code9.local\sysvol\Code9.local\Policies\{D5BCA27D-674B-4335-A979-DCB691C21143}\Machine\Scripts\Startup" bkp:Location="DomainSysvol\GPO\Machine\Scripts\Startup"/><FSObjectDir bkp:Path="%GPO_USER_FSPATH%\Preferences" bkp:SourceExpandedPath="\\SBS2011.Code9.local\sysvol\Code9.local\Policies\{D5BCA27D-674B-4335-A979-DCB691C21143}\User\Preferences" bkp:Location="DomainSysvol\GPO\User\Preferences"/><FSObjectDir bkp:Path="%GPO_USER_FSPATH%\Preferences\RegionalOptions" bkp:SourceExpandedPath="\\SBS2011.Code9.local\sysvol\Code9.local\Policies\{D5BCA27D-674B-4335-A979-DCB691C21143}\User\Preferences\RegionalOptions" bkp:Location="DomainSysvol\GPO\User\Preferences\RegionalOptions"/><FSObjectFile bkp:Path="%GPO_USER_FSPATH%\Preferences\RegionalOptions\RegionalOptions.xml" bkp:SourceExpandedPath="\\SBS2011.Code9.local\sysvol\Code9.local\Policies\{D5BCA27D-674B-4335-A979-DCB691C21143}\User\Preferences\RegionalOptions\RegionalOptions.xml" bkp:Location="DomainSysvol\GPO\User\Preferences\RegionalOptions\RegionalOptions.xml"/></GroupPolicyExtension></GroupPolicyObject>
</GroupPolicyBackupScheme>