<BackupInst xmlns="http://www.microsoft.com/GroupPolicy/GPOOperations/Manifest"><GPOGuid><![CDATA[{D5BCA27D-674B-4335-A979-DCB691C21143}]]></GPOGuid><GPODomain><![CDATA[Code9.local]]></GPODomain><GPODomainGuid><![CDATA[{c754d7ff-5f82-41cd-865f-29cdc9416547}]]></GPODomainGuid><GPODomainController><![CDATA[SBS2011.Code9.local]]></GPODomainController><BackupTime><![CDATA[2020-07-17T03:56:03]]></BackupTime><ID><![CDATA[{38D41652-EDC7-4D59-93AF-5F07A0C275F1}]]></ID><Comment><![CDATA[]]></Comment><GPODisplayName><![CDATA[Date Format]]></GPODisplayName></BackupInst>
